{
  "전력사용량(kWh)": {
    "best_mae": 13.644819259643555,
    "params": {
      "n_layers": 2,
      "units": 128,
      "dropout": 0.4,
      "n_heads": 8,
      "seq_len": 12,
      "lr": 0.0005265598655192859,
      "batch_size": 16,
      "epochs": 30
    }
  },
  "지상무효전력량(kVarh)": {
    "best_mae": 8.469043731689453,
    "params": {
      "n_layers": 2,
      "units": 128,
      "dropout": 0.30000000000000004,
      "n_heads": 2,
      "seq_len": 24,
      "lr": 0.0012934355066348399,
      "batch_size": 16,
      "epochs": 30
    }
  },
  "진상무효전력량(kVarh)": {
    "best_mae": 3.068507273991903,
    "params": {
      "n_layers": 1,
      "units": 96,
      "dropout": 0.2,
      "n_heads": 8,
      "seq_len": 24,
      "lr": 0.0017774277646068304,
      "batch_size": 16,
      "epochs": 20
    }
  },
  "지상역률(%)": {
    "best_mae": 6.285528341929118,
    "params": {
      "n_layers": 2,
      "units": 96,
      "dropout": 0.2,
      "n_heads": 8,
      "seq_len": 12,
      "lr": 0.002310826163263356,
      "batch_size": 32,
      "epochs": 40
    }
  },
  "진상역률(%)": {
    "best_mae": 13.612260818481445,
    "params": {
      "n_layers": 2,
      "units": 96,
      "dropout": 0.1,
      "n_heads": 2,
      "seq_len": 24,
      "lr": 0.0014709120396864228,
      "batch_size": 16,
      "epochs": 30
    }
  }
}