{
  "fold1": {
    "train_loss": [
      0.6242903006543686,
      0.5373539482546342,
      0.4973680727720798,
      0.4770210411835898,
      0.4535453732389289,
      0.4347609402807625,
      0.41562715898061897,
      0.3972925052113898,
      0.38512986568404034,
      0.38048093800653926,
      0.3704612139944319,
      0.3656633799975818,
      0.3627188609459916,
      0.3510466537534355,
      0.34453706746106155,
      0.3371713947583068,
      0.33005009678092684,
      0.3241004459485337,
      0.3187382148953529,
      0.3146148962644605,
      0.31118320804592725,
      0.3088796207340093,
      0.3051850828449349,
      0.30258586621275535,
      0.3016415992984781,
      0.3001583701221494,
      0.2990609701868292,
      0.2979041226431951,
      0.29740936613014274,
      0.2966331411544625,
      0.29566333483945617,
      0.2950016881923776,
      0.29472459619258856,
      0.2943708785064705,
      0.2943307489111975,
      0.294097519911326,
      0.29368263809709577,
      0.2935886092193134,
      0.2936412347657783,
      0.2933830241518873
    ],
    "val_loss": [
      0.6001185621167566,
      0.5949494673220722,
      0.6068798638842963,
      0.5833496350396026,
      0.5815310493312977,
      0.573179176634735,
      0.5630706378796676,
      0.543034922227159,
      0.5431312379558703,
      0.5359446142275293,
      0.5444296236421253,
      0.5403930326108938,
      0.568527356711206,
      0.5629238976842469,
      0.5619630528664267,
      0.5572611922593983,
      0.5697591392672038,
      0.5674104490079679,
      0.5780477152840869,
      0.5841341774138782,
      0.5952635906017698,
      0.5970657696430987,
      0.6008702948413513,
      0.6087772180517396,
      0.6060040988535196,
      0.6097629178796444,
      0.6063367159248473,
      0.6065525936300272,
      0.6047092072770104,
      0.6057706587948838,
      0.6056111875075001,
      0.6056820270833788,
      0.6060187169709602,
      0.6055638588838153,
      0.6058549989756938,
      0.6056925085288387,
      0.60532195029316,
      0.6050362060251119,
      0.6060184117059808,
      0.6054522410348371
    ]
  },
  "fold2": {
    "train_loss": [
      0.5809523170029206,
      0.5177659041014151,
      0.47867459381210514,
      0.44279477235929543,
      0.425307540069411,
      0.4220465946810386,
      0.41244250943866567,
      0.4086916619601815,
      0.39130922304703736,
      0.381438383792547,
      0.3735079885139756,
      0.37206087672691057,
      0.36473560410140754,
      0.35833219465972305,
      0.3562172607875716,
      0.3521720981676837,
      0.35063035711683316,
      0.34812758068951116,
      0.3452097859972718,
      0.34316823093861953,
      0.3423550024215339,
      0.3416594773333618,
      0.34021258035647695,
      0.33926862622539083,
      0.3385922558017369,
      0.33816455913775567,
      0.33795267575863064,
      0.3371478984433076,
      0.33706830975332897,
      0.33674296618312194,
      0.3362443713636055,
      0.33613110263122137,
      0.3360021779558499,
      0.3357470124561539,
      0.3356037160185264,
      0.33554982347809514,
      0.33558126994553417,
      0.33549464795029144,
      0.33535049610707474,
      0.33554608863161717
    ],
    "val_loss": [
      0.48116252401301096,
      0.42870564185627347,
      0.39481964578723405,
      0.3875310505489568,
      0.40903263341064927,
      0.42639250520829325,
      0.3933444718818168,
      0.3969368737962869,
      0.36977535199459727,
      0.37414006684516166,
      0.37847288111383254,
      0.3809125943219399,
      0.38332523560679116,
      0.369111944157798,
      0.36924518788376964,
      0.37158104898156347,
      0.3717084932994019,
      0.3723610157447236,
      0.37469051663089803,
      0.3722138345107302,
      0.3749194450124546,
      0.37459338913570056,
      0.37510311509574856,
      0.37498834952189997,
      0.374859020889581,
      0.3762242019370392,
      0.37684137240663784,
      0.376274336133156,
      0.3762041765961561,
      0.37637345165059016,
      0.37722849133270636,
      0.37746380851627354,
      0.37727099083908444,
      0.37747247426120845,
      0.3772586155067514,
      0.3770947076671116,
      0.3774927332214228,
      0.37714076704449123,
      0.3774605005778171,
      0.3774775433707404
    ]
  },
  "fold3": {
    "train_loss": [
      0.5559909242641675,
      0.48441856480388096,
      0.44594124961015463,
      0.4355330317418574,
      0.4174988735250104,
      0.40597659024796684,
      0.40375668127269615,
      0.39890424654512974,
      0.39168237138922873,
      0.3838904988289852,
      0.3853468110675102,
      0.38397585410318336,
      0.3787409124242795,
      0.3734386493806993,
      0.3687374567984542,
      0.36826353771112735,
      0.36420534554989265,
      0.3648658718379128,
      0.35603922031524576,
      0.3498852686981956,
      0.3492983638200707,
      0.344668225691968,
      0.3412626430583306,
      0.3381208482034358,
      0.3358017337364909,
      0.3342581128244435,
      0.33104825971565605,
      0.3294688476769975,
      0.32896189257388425,
      0.3277607669596707,
      0.3264350174996621,
      0.3260405440661278,
      0.32511100876621113,
      0.32492487698847994,
      0.3241633554945985,
      0.32362179320567336,
      0.32359007578448595,
      0.3231716213789417,
      0.322736884947076,
      0.32273822750609654
    ],
    "val_loss": [
      0.43919126273648396,
      0.3637596284290095,
      0.3557188218837982,
      0.34005900204658984,
      0.34971287748119134,
      0.348576602277097,
      0.33158617466315254,
      0.3330185977449348,
      0.31852709918886096,
      0.3203186343710224,
      0.31876141825193044,
      0.33901003110143274,
      0.30997321941890754,
      0.3098580307617142,
      0.3308843162555893,
      0.31547429906325536,
      0.31300505963680864,
      0.33965682444182244,
      0.31873536433976096,
      0.3258030111561189,
      0.3181063996980319,
      0.3254069753282063,
      0.33101102057937626,
      0.3304590026403333,
      0.3318057841061054,
      0.33093579044869476,
      0.33354598060772345,
      0.3351329802288427,
      0.33603428822901993,
      0.33564705220428676,
      0.3336645895960154,
      0.33300513473970517,
      0.33335058806879864,
      0.33329683404650773,
      0.3329709555368285,
      0.33280599529335686,
      0.33251339359744053,
      0.3329699366382352,
      0.3328590259045452,
      0.3327701920839222
    ]
  }
}