{
  "fold1": {
    "train_loss": [
      0.7123884811549258,
      0.6114339897507115,
      0.5526264477045016,
      0.541979662248664,
      0.514163744494431,
      0.5063229682899657,
      0.47944812164420175,
      0.47307027994391315,
      0.4534788508164255,
      0.43038621948551115,
      0.41409105046052386,
      0.40416350272066315,
      0.4004431926292883,
      0.39052121853992755,
      0.3835786829280076,
      0.3791442034985487,
      0.37202255236251014,
      0.36647080641641355,
      0.36298073584722695,
      0.35968705377632515,
      0.3575691306501403,
      0.35503075457082356,
      0.353251734282588,
      0.3516431803541972,
      0.3504634775240021,
      0.3496930472608796,
      0.3491003878022495,
      0.3482443996688776,
      0.3475294392210499,
      0.3475459388100115
    ],
    "val_loss": [
      0.5281834201891918,
      0.591384217591214,
      0.5704093082506854,
      0.5619128800162995,
      0.539070100200953,
      0.5564646489264672,
      0.5563033591162292,
      0.5747522602105201,
      0.5480423211491198,
      0.559999215169658,
      0.5648154710244415,
      0.5544120968583234,
      0.5633119523226467,
      0.5743478091027504,
      0.5789586687297151,
      0.588016337694082,
      0.5882202365494014,
      0.5983000736338154,
      0.601222803561311,
      0.6047889041123833,
      0.6111162204902274,
      0.6120255442751679,
      0.6124601180354754,
      0.6106827613181041,
      0.6109387626624048,
      0.6112988143038929,
      0.6110625966897884,
      0.6125520084734848,
      0.6098119307804227,
      0.6100557556875368
    ]
  },
  "fold2": {
    "train_loss": [
      0.6223749976794283,
      0.5406396416153094,
      0.5108044659306658,
      0.5271432966862091,
      0.4818208748756513,
      0.47224835676606164,
      0.5118578566155841,
      0.4703491147263821,
      0.4642656077445671,
      0.4508921406635883,
      0.4387478086949289,
      0.43209612164781463,
      0.4189702023633959,
      0.40899650672803256,
      0.41129404279769255,
      0.40051650977873987,
      0.39510000534737577,
      0.38608989931659776,
      0.3787121680486229,
      0.3707091961783539,
      0.36554427706888243,
      0.3589497995983216,
      0.35541463283732044,
      0.35104959217585097,
      0.3476155677693401,
      0.3444785686336955,
      0.342063432471339,
      0.3417499008313451,
      0.339416415257569,
      0.3372706096599805
    ],
    "val_loss": [
      0.48970318420937187,
      0.46191635241633966,
      0.4721549925611431,
      0.4640284385746882,
      0.4488371200318026,
      0.4682074370950386,
      0.4791399032624443,
      0.45709639145691594,
      0.4680557433375739,
      0.44627802591201354,
      0.4515388460386367,
      0.4377561621199873,
      0.44808636347303415,
      0.4493797186958162,
      0.45458506859260095,
      0.4568286302170359,
      0.46209854869017924,
      0.4668192724386851,
      0.47204926974866024,
      0.4713490084859363,
      0.47454970225803833,
      0.47801073471032884,
      0.4814965239480922,
      0.48470674858505564,
      0.48410715998937015,
      0.4874125858820172,
      0.48454238927005827,
      0.4871091248472233,
      0.484903994501384,
      0.4855995993790471
    ]
  },
  "fold3": {
    "train_loss": [
      0.589403068661372,
      0.5218535969252589,
      0.5122860273594223,
      0.4887608254718399,
      0.4960646282247895,
      0.4865309175239808,
      0.4665952498540369,
      0.4641715048845065,
      0.45362799087058064,
      0.4396477219771687,
      0.43115395814051294,
      0.42262019968153974,
      0.4232521993968361,
      0.41564930018888363,
      0.40717954366192827,
      0.4003022728876017,
      0.3958625586992916,
      0.3896834474232581,
      0.3855514465997999,
      0.38142726832745416,
      0.3777863156883871,
      0.3752294783813247,
      0.3697863785789229,
      0.3700415772705024,
      0.36182852548255573,
      0.35567463513922337,
      0.3520563489821242,
      0.35007758938023076,
      0.3453700683642363,
      0.34212920671772923
    ],
    "val_loss": [
      0.5598083638158956,
      0.5241022719401763,
      0.49802318327782447,
      0.500401341481914,
      0.4725224661722518,
      0.4783129785667386,
      0.47923458237247657,
      0.4853857847009984,
      0.4801328138525325,
      0.48155541091335746,
      0.48458561254175087,
      0.4739660148072362,
      0.4771494194043609,
      0.4742888278194836,
      0.47243532192587556,
      0.4709502028679489,
      0.46904367639830236,
      0.4710198014377054,
      0.46872799130982923,
      0.46356118990663897,
      0.4693950412342124,
      0.47071179057048973,
      0.4699347629769703,
      0.4727836455169477,
      0.46467956748223843,
      0.4675912444491434,
      0.4678269026385513,
      0.4694579398273525,
      0.46883158775648676,
      0.46917401826695393
    ]
  }
}