{
  "fold1": {
    "train_loss": [
      0.565733319012312,
      0.4881756733450386,
      0.4872993994373698,
      0.495454499455126,
      0.48226296442660604,
      0.4893317122023564,
      0.4839962347670718,
      0.4789517806345099,
      0.4751104066023478,
      0.43585581561779835,
      0.4183284314060295,
      0.44473228919822294,
      0.40157016184744054,
      0.38125149300461775,
      0.3397212950615315,
      0.3619903198203764,
      0.3555020140456008,
      0.33243467043097075,
      0.3124169825694642,
      0.31628581419497637,
      0.3115617377726404,
      0.3025676739086081,
      0.3069614974951541,
      0.3004358260257466,
      0.2991959844026957,
      0.2971514837967383,
      0.2956868496437271,
      0.2936994226106831,
      0.2902472622289851,
      0.2898724114893375
    ],
    "val_loss": [
      0.6187744300003286,
      0.6004222143064808,
      0.6052835003451422,
      0.5957655604067329,
      0.5927980029293606,
      0.5952183703842523,
      0.5851321454431202,
      0.5812093542368563,
      0.5746957997980717,
      0.5761791681041112,
      0.5781409975972858,
      0.5335136418518899,
      0.5801628737731859,
      0.5726317636616476,
      0.5478619255267225,
      0.5557006265710782,
      0.5632905079885288,
      0.5464789322815142,
      0.563560628541955,
      0.5481771105104262,
      0.5631947167090945,
      0.5735335351006167,
      0.5767980512824502,
      0.5697066095080581,
      0.5696722924172342,
      0.567813111452369,
      0.5695360752719419,
      0.5669195713313134,
      0.5629097975723378,
      0.5638130282511463
    ]
  },
  "fold2": {
    "train_loss": [
      0.5693381010819559,
      0.5160910302027502,
      0.5145624346681115,
      0.5111291567659539,
      0.4985916640577854,
      0.4971681602098148,
      0.4912336574981863,
      0.4777262455065628,
      0.45992452026284797,
      0.4422732550708548,
      0.4376373162073293,
      0.4297526796934368,
      0.42871776144618334,
      0.4134894517650162,
      0.3972334320890135,
      0.38553774197479296,
      0.39329962424006776,
      0.3778851488265379,
      0.3743484229229201,
      0.3559924112833005,
      0.34110841900482586,
      0.3367281933927137,
      0.33664568198815936,
      0.3363939557635951,
      0.31417346596978474,
      0.30635501882214955,
      0.2984736597017459,
      0.2952642033936857,
      0.296099190964647,
      0.2878201448845899
    ],
    "val_loss": [
      0.679295996776423,
      0.5878326192692116,
      0.5396614332680587,
      0.5847178841153303,
      0.5416701777173473,
      0.558765820584617,
      0.5158995747402146,
      0.5150941477695087,
      0.49030019473042097,
      0.5180258445061363,
      0.4767105426001656,
      0.4687444516816535,
      0.4313998616098224,
      0.5127550439351612,
      0.4139060515339847,
      0.4982276086558451,
      0.4711021605219032,
      0.48947106527390183,
      0.4311106762847862,
      0.4155620962970548,
      0.4015660098417326,
      0.4536518582941832,
      0.525850829609611,
      0.45317503464808156,
      0.439764499925338,
      0.4073969994646472,
      0.43700446021762696,
      0.4289703048146642,
      0.4543372438707807,
      0.43434219617579317
    ]
  },
  "fold3": {
    "train_loss": [
      0.5541328063760048,
      0.5254849702965864,
      0.5143048990898695,
      0.5190016971147442,
      0.5109871272214782,
      0.49073366944616414,
      0.5035723890194963,
      0.486358353861304,
      0.4525474448041085,
      0.44132234602968096,
      0.4408584319208905,
      0.4231369978898055,
      0.4249361032794366,
      0.39214068462639856,
      0.39631975464748614,
      0.38053635605203084,
      0.36616479222238796,
      0.3563231476795026,
      0.34527300309378667,
      0.34346773150019394,
      0.32473015592067866,
      0.32868956488780765,
      0.3235449301642733,
      0.3244897256004604,
      0.3205527087863965,
      0.2923122225772767,
      0.2798826288911965,
      0.2722404711370245,
      0.2676946287810346,
      0.2541111871585265
    ],
    "val_loss": [
      0.566061313721809,
      0.5588808631276464,
      0.49766281976535154,
      0.5279291737694163,
      0.5051794043174377,
      0.4954003957701517,
      0.46631961654465237,
      0.4800051521953639,
      0.4335642629475505,
      0.42455502976108717,
      0.4264498860337534,
      0.4457602062830338,
      0.4396440963054801,
      0.4190388708165637,
      0.4471996298938005,
      0.40207647955841247,
      0.4086486007477547,
      0.3704470124718425,
      0.38412271368804873,
      0.4163458623044245,
      0.3655405770707596,
      0.40752816846868295,
      0.3753377516587098,
      0.3898135532174741,
      0.3929646619529397,
      0.37839394031806634,
      0.3820274483349111,
      0.3659134535072325,
      0.371996681387718,
      0.3736987576723934
    ]
  }
}