{
  "fold1": {
    "train_loss": [
      0.7047937055742061,
      0.5649415735188905,
      0.534562737719194,
      0.5287087606536495,
      0.5133085253166484,
      0.5081454281722223,
      0.47019500447226475,
      0.45349786328422176,
      0.4307062132088272,
      0.4180520931715602,
      0.40430677391297826,
      0.3915862872212141,
      0.38137982726037445,
      0.3777111305280013,
      0.3686575112385196,
      0.36196790176170607,
      0.35801220779960696,
      0.3538278770652619,
      0.3484033718630597,
      0.34532520882002227
    ],
    "val_loss": [
      0.4777775985506681,
      0.43724514916912094,
      0.4795868940897532,
      0.4818722535189506,
      0.4701428068755148,
      0.533497827621671,
      0.4943650547448579,
      0.4532578579328201,
      0.4567142829701707,
      0.4491709454117475,
      0.4494111674862939,
      0.45015930949716837,
      0.4530104788111614,
      0.45710333359163924,
      0.4537425904317542,
      0.4565935846533742,
      0.46204934363906924,
      0.4618258955660048,
      0.46270467641878055,
      0.46495413150008136
    ]
  },
  "fold2": {
    "train_loss": [
      0.6355143262186032,
      0.5256887441058864,
      0.4899344494094377,
      0.4651738786730154,
      0.4545204199511727,
      0.45255559788219096,
      0.44608058863464206,
      0.45271464672194667,
      0.42631447811921436,
      0.4443322983884561,
      0.4273623804459865,
      0.41633889417553593,
      0.41948625455791505,
      0.40641977109279354,
      0.4345901557679536,
      0.3981563589093031,
      0.3812967943793711,
      0.3806975597049343,
      0.3728442890704542,
      0.36595743365477823
    ],
    "val_loss": [
      0.41252927506739673,
      0.46059268120829167,
      0.3709010919099217,
      0.37291086579228305,
      0.37731253446729573,
      0.3921086209955755,
      0.3623350556861531,
      0.3512337316532393,
      0.3615061039994429,
      0.35321501363534946,
      0.3426124768423008,
      0.34934732763169407,
      0.3457193979480722,
      0.3566530024683153,
      0.3587719147225042,
      0.3333183251194529,
      0.3402985900014012,
      0.34098484383539873,
      0.3456167083035957,
      0.3479100123599724
    ]
  },
  "fold3": {
    "train_loss": [
      0.5855720746831778,
      0.4818442174187907,
      0.4453600932246361,
      0.43146674331033225,
      0.428894833797143,
      0.41948935660697045,
      0.42005166943832273,
      0.41174009769331243,
      0.42173210229777985,
      0.4136611488990453,
      0.40011969630495137,
      0.39780108336157055,
      0.39846867026932986,
      0.39159283519803467,
      0.3782166313879934,
      0.36749228422011765,
      0.36571700938723306,
      0.36388508223748944,
      0.35946854265965583,
      0.35427857389350437
    ],
    "val_loss": [
      0.4436407664248177,
      0.43106120823322236,
      0.4257035870571156,
      0.39105480595364106,
      0.3820513124998148,
      0.3754795140347204,
      0.37849517502972074,
      0.38978241199815833,
      0.40915349167627135,
      0.372177453638913,
      0.381243277456727,
      0.3818712803545418,
      0.3731791820447963,
      0.37701390624732467,
      0.37797912734526173,
      0.3777656331583783,
      0.3606920524223431,
      0.3646208841327552,
      0.37158757134958786,
      0.3663802118869396
    ]
  }
}