{
  "fold1": {
    "train_loss": [
      0.641832869749766,
      0.4225193247780786,
      0.3868493517717203,
      0.36946539761306524,
      0.3560188661913972,
      0.347596929387168,
      0.3279807058063236,
      0.3354414999485016,
      0.3260924716417615,
      0.3100047844636428,
      0.3091918540907813,
      0.30659585845124376,
      0.289005623796621,
      0.2826395569009347,
      0.26935269299510484,
      0.2588199915903228,
      0.25412499874800415,
      0.24638656521583344,
      0.23954965773824458,
      0.2325911662048167,
      0.22818228514404507,
      0.22314071173484143,
      0.2193003280295266,
      0.21330516957663917,
      0.20656389696849836,
      0.20142075181514532,
      0.19794939670178505,
      0.19481625700289304,
      0.1921688293417295,
      0.1905505379831588
    ],
    "val_loss": [
      0.5240305671701441,
      0.47755279304744963,
      0.4680458783984065,
      0.4827694874984008,
      0.46797093071856416,
      0.47429009732064065,
      0.461476843218665,
      0.5047155999922538,
      0.4556737733525676,
      0.4992036656126962,
      0.5162671243881917,
      0.516887521779573,
      0.45803881671514596,
      0.4539874982055243,
      0.46914778543157026,
      0.5175023248961738,
      0.5175949127093569,
      0.5103934494344083,
      0.512696894230666,
      0.505259393899887,
      0.5244957626283586,
      0.4892059142092565,
      0.503376850226262,
      0.4950053645773335,
      0.49586903218094175,
      0.47886727249121164,
      0.48027823295619515,
      0.4730253082674903,
      0.4736210360108792,
      0.47324130755734517
    ]
  },
  "fold2": {
    "train_loss": [
      0.45558510179343314,
      0.31948997813096824,
      0.2976529249946574,
      0.29240504438536935,
      0.28071355438795403,
      0.2724490285306975,
      0.2668121362152486,
      0.2622447074062821,
      0.25941668443385507,
      0.2561300107906724,
      0.24996246627603155,
      0.24984410611809282,
      0.24256433798619237,
      0.2392103712836365,
      0.23667660617697303,
      0.22783934057265268,
      0.22120401200311057,
      0.21710360490310673,
      0.21360999309662163,
      0.20999800366187082,
      0.20674804334101946,
      0.20615783841281698,
      0.20218674975937453,
      0.19987733410424677,
      0.1957646630991107,
      0.1944644871963256,
      0.1962518489759961,
      0.1940893888257552,
      0.19284757456068752,
      0.19070260382365847
    ],
    "val_loss": [
      0.5080186671561545,
      0.4612755682226177,
      0.4313429837619459,
      0.40082175612031995,
      0.39440366088807044,
      0.3910171510101677,
      0.41422406926348404,
      0.41095994200344915,
      0.4218015329272778,
      0.3828442681420434,
      0.369150305355156,
      0.38972756077159754,
      0.37122515267557327,
      0.39809842559847386,
      0.4038365838883279,
      0.3764800007293771,
      0.37892998101653996,
      0.3622709018839253,
      0.3679219817778131,
      0.4019742643868959,
      0.39403683193274086,
      0.36983566660363154,
      0.37203134838734064,
      0.3784423038229212,
      0.37883283583460386,
      0.36326579558658406,
      0.38600006041763063,
      0.3822213586744245,
      0.3831527655099605,
      0.3847634208960099
    ]
  },
  "fold3": {
    "train_loss": [
      0.41909956809008,
      0.3080867266073411,
      0.29291616288912203,
      0.2838156634753758,
      0.27622597930562764,
      0.2662194904970837,
      0.26737876453034054,
      0.26228121062228965,
      0.25453518670706043,
      0.25729719753855673,
      0.24916888782124974,
      0.24997393443530455,
      0.24235878001540015,
      0.2418590481385286,
      0.23437524563842244,
      0.22745825414047455,
      0.2248382239248647,
      0.21996816649631068,
      0.21809198409368544,
      0.21286586513528816,
      0.21106853539789672,
      0.20895843002405556,
      0.20813300842658067,
      0.20437917307073816,
      0.20184647966991295,
      0.1995397703526737,
      0.19863479574531306,
      0.19637585442502062,
      0.19453704810930497,
      0.19275740665562582
    ],
    "val_loss": [
      0.42945227495304217,
      0.43323858358241896,
      0.38074411557720705,
      0.36367421325023946,
      0.35660427497015584,
      0.34854789425780225,
      0.3441308098020138,
      0.34719424881973304,
      0.3391094238043309,
      0.33712446689605713,
      0.3787479647943327,
      0.34656357446739505,
      0.35067145367552927,
      0.36350296155826467,
      0.3430424427708706,
      0.3504408336914815,
      0.3693356857568891,
      0.34727235456128736,
      0.3488091545643749,
      0.3454010674396196,
      0.34530352478151444,
      0.343468339817302,
      0.3478821174533398,
      0.3476735766570609,
      0.34811495046865,
      0.3527251481114923,
      0.3516812101976053,
      0.3540858727794987,
      0.35523111308301175,
      0.35657504164390974
    ]
  }
}